id,gender,age,occ,income,drink,cups,lasttime,spend,sleepdiff,sleephr,sleepsat,wake,t_americano,t_latte,t_cappu,t_mocha,t_other,f_taste,f_price,f_conv,f_origin,f_caf,f_brand,f_flavor,r_none,r_freq,r_excite,r_palpit,r_anx,r_tremor,r_appet,m_refresh,m_ritual,m_physio,m_flavor,m_reward,m_social,src
1,男,23.0,學生,,0,,,,,6.0,85.0,3.0,0,0,0,0,0,0,0,0,0,0,0,0,0,0,0,0,0,0,0,,,,,,,原始
2,男,30.0,自由接案者,2.0,1,2.0,4.0,1.0,3.0,6.0,70.0,1.0,0,1,0,0,0,1,1,1,0,0,0,0,0,1,0,0,0,0,0,1.0,,,2.0,3.0,,原始
3,女,75.0,退休,,1,1.0,2.0,2.0,1.0,10.0,80.0,1.0,0,1,0,0,0,1,0,0,1,0,0,0,0,1,0,0,0,0,0,1.0,3.0,,2.0,,,原始
4,女,75.0,退休,,1,1.0,2.0,2.0,1.0,10.0,85.0,1.0,1,0,0,0,0,1,1,0,0,0,0,1,1,0,0,0,0,0,0,,2.0,1.0,3.0,,,原始
5,女,20.0,一般上班族,,0,,,,,7.0,85.0,1.0,0,0,0,0,0,0,0,0,0,0,0,0,0,0,0,0,0,0,0,,,,,,,原始
6,男,20.0,學生,1.0,1,2.0,3.0,1.0,3.0,8.0,75.0,1.0,0,1,0,0,0,1,0,0,0,0,0,1,0,1,1,0,0,0,0,,,,3.0,2.0,1.0,原始
7,男,20.0,學生,1.0,0,,,,,5.0,60.0,1.0,0,0,0,0,0,0,0,0,0,0,0,0,0,0,0,0,0,0,0,,,,,,,原始
8,女,25.0,輪班制,1.0,1,2.0,3.0,2.0,3.0,9.0,70.0,4.0,1,1,0,0,0,1,0,1,0,0,1,0,0,0,1,0,0,0,0,1.0,,2.0,,3.0,,原始
9,女,24.0,輪班制,2.0,0,,,,,6.0,79.0,2.0,0,0,0,0,0,0,0,0,0,0,0,0,0,0,0,0,0,0,0,,,,,,,原始
10,男,25.0,自由接案者,2.0,1,1.0,1.0,1.0,4.0,8.0,90.0,1.0,1,1,0,1,0,1,0,1,1,0,0,0,0,1,0,0,0,1,0,2.0,,,3.0,1.0,,原始
11,男,25.0,學生,1.0,0,,,,,8.0,75.0,,0,0,0,0,0,0,0,0,0,0,0,0,0,0,0,0,0,0,0,,,,,,,原始
12,女,69.0,退休,5.0,0,,,,,,0.0,5.0,0,0,0,0,0,0,0,0,0,0,0,0,0,0,0,0,0,0,0,,,,,,,原始
13,女,21.0,學生,1.0,0,,,,,7.0,80.0,1.0,0,0,0,0,0,0,0,0,0,0,0,0,0,0,0,0,0,0,0,,,,,,,原始
14,女,21.0,學生,1.0,1,1.5,1.0,1.0,5.0,7.0,60.0,5.0,0,1,0,0,0,1,1,0,0,0,0,0,1,0,0,0,0,0,0,1.0,,,3.0,,2.0,原始
15,女,22.0,學生,1.0,0,,,,,6.5,70.0,1.0,0,0,0,0,0,0,0,0,0,0,0,0,0,0,0,0,0,0,0,,,,,,,原始
16,男,33.0,自由接案者,3.0,1,4.0,3.0,3.0,4.0,10.0,88.0,,1,1,0,1,0,1,0,0,1,0,0,1,1,0,0,0,0,0,0,3.0,1.0,,,2.0,,原始
17,男,15.0,學生,,1,1.0,1.0,2.0,1.0,5.0,90.0,2.0,1,0,0,0,0,1,0,0,0,0,0,1,1,0,0,0,0,0,0,2.0,3.0,,,1.0,,原始
18,女,47.0,一般上班族,1.0,0,,,,,6.0,70.0,1.0,0,0,0,0,0,0,0,0,0,0,0,0,0,0,0,0,0,0,0,,,,,,,原始
19,男,25.0,一般上班族,2.0,0,,,,,5.0,68.0,3.0,0,0,0,0,0,0,0,0,0,0,0,0,0,0,0,0,0,0,0,,,,,,,原始
20,男,24.0,一般上班族,2.0,1,1.0,2.0,2.0,4.0,7.0,95.0,1.0,1,0,1,0,0,1,0,0,0,0,1,1,0,1,0,0,1,0,0,,,1.0,3.0,2.0,,原始
21,男,19.0,學生,1.0,1,1.5,3.0,1.0,3.0,7.0,90.0,1.0,0,1,0,1,0,1,0,0,0,0,1,0,1,0,0,0,0,0,0,3.0,,,1.0,2.0,,原始
22,女,20.0,學生,,0,,,,,6.0,40.0,2.0,0,0,0,0,0,0,0,0,0,0,0,0,0,0,0,0,0,0,0,,,,,,,原始
23,男,24.0,一般上班族,2.0,1,2.0,3.0,2.0,1.0,7.0,70.0,3.0,0,1,1,0,0,0,1,0,1,1,0,0,0,1,0,0,0,0,0,3.0,1.0,,,2.0,,原始
24,女,21.0,學生,1.0,0,,,,,9.0,20.0,3.0,0,0,0,0,0,0,0,0,0,0,0,0,0,0,0,0,0,0,0,,,,,,,原始
25,女,25.0,一般上班族,2.0,1,2.0,2.0,1.0,1.0,8.0,80.0,2.0,1,1,0,0,0,1,1,1,0,0,0,0,1,0,0,0,0,0,0,,,1.0,3.0,2.0,,原始
26,女,18.0,學生,1.0,1,1.5,1.0,,4.0,5.0,80.0,4.0,0,1,0,0,0,1,1,1,0,0,0,0,0,1,0,0,0,0,0,,,1.0,3.0,2.0,,原始
27,男,25.0,一般上班族,2.0,1,1.5,1.0,1.0,2.0,7.0,70.0,1.0,0,1,0,0,0,1,1,1,0,0,0,0,0,0,1,0,0,0,0,2.0,3.0,,,1.0,,原始
28,女,21.0,學生,1.0,0,,,,,10.0,80.0,1.0,0,0,0,0,0,0,0,0,0,0,0,0,0,0,0,0,0,0,0,,,,,,,原始
29,女,23.0,學生,2.0,0,,,,,9.0,40.0,1.0,0,0,0,0,0,0,0,0,0,0,0,0,0,0,0,0,0,0,0,,,,,,,原始
30,男,23.0,自由接案者,5.0,0,,,,,6.0,70.0,2.0,0,0,0,0,0,0,0,0,0,0,0,0,0,0,0,0,0,0,0,,,,,,,原始
31,女,75.0,退休,1.0,1,1.0,2.0,1.0,2.0,10.0,85.0,1.0,0,1,0,0,0,1,1,0,1,0,0,0,1,0,0,0,0,0,0,,1.0,,3.0,,2.0,原始
32,男,55.0,一般上班族,2.0,1,1.5,3.0,1.0,3.0,5.0,40.0,5.0,0,1,0,0,0,0,1,0,1,1,0,0,0,1,0,0,0,0,0,1.0,,,2.0,3.0,,原始
33,女,22.0,一般上班族,2.0,0,,,,,6.0,,1.0,0,0,0,0,0,0,0,0,0,0,0,0,0,0,0,0,0,0,0,,,,,,,原始
34,女,25.0,一般上班族,2.0,0,,,,,8.0,90.0,2.0,0,0,0,0,0,0,0,0,0,0,0,0,0,0,0,0,0,0,0,,,,,,,原始
35,男,26.0,學生,1.0,1,2.0,3.0,2.0,2.0,7.0,75.0,1.0,0,1,1,0,0,0,0,1,1,0,0,0,1,0,0,0,0,0,0,1.0,2.0,,3.0,,,原始
36,男,26.0,學生,1.0,1,2.0,2.0,2.0,2.0,6.0,70.0,1.0,1,0,0,0,0,1,1,0,1,0,0,0,0,1,0,0,0,0,0,2.0,,,3.0,,1.0,原始
37,男,25.0,學生,1.0,1,1.5,2.0,2.0,2.0,7.0,60.0,1.0,0,1,0,0,0,1,0,1,0,1,0,0,0,1,1,0,0,0,0,,2.0,,1.0,,3.0,原始
38,男,27.0,學生,1.0,1,2.0,4.0,1.0,1.0,7.5,80.0,1.0,0,1,0,0,0,1,0,0,0,0,0,0,0,1,1,0,0,0,0,1.0,2.0,,,3.0,,原始
39,男,27.0,一般上班族,3.0,1,2.5,3.0,3.0,1.0,7.0,80.0,1.0,0,1,0,0,0,1,0,0,1,1,0,0,1,0,0,0,0,0,0,2.0,,3.0,1.0,,,原始
40,男,25.0,學生,1.0,1,2.0,3.0,2.0,1.0,,80.0,1.0,0,0,1,0,0,1,0,1,0,1,0,0,0,0,1,0,1,0,0,2.0,,,1.0,,3.0,原始
41,男,27.0,學生,1.0,1,2.5,3.0,2.0,1.0,6.0,85.0,1.0,0,1,0,0,0,1,0,1,0,0,0,1,0,1,0,0,0,0,0,2.0,,,3.0,1.0,,原始
42,男,27.0,一般上班族,2.0,1,2.0,2.0,2.0,2.0,7.0,80.0,1.0,1,0,0,0,0,1,0,0,0,1,0,1,0,1,0,0,0,0,0,2.0,,,,1.0,3.0,原始
43,男,32.0,一般上班族,4.0,1,2.5,3.0,3.0,2.0,7.0,85.0,1.0,0,1,0,0,0,1,0,1,0,0,0,0,0,1,1,0,0,0,0,2.0,,,3.0,1.0,,原始
44,男,33.0,一般上班族,,1,1.5,3.0,2.0,3.0,7.2,38.0,5.0,1,1,0,0,0,1,0,1,0,0,0,0,0,0,1,0,0,0,0,1.0,2.0,3.0,,,,模擬
45,男,36.0,學生,1.0,1,0.5,3.0,2.0,2.0,7.7,,4.0,0,1,0,0,0,1,0,1,0,0,0,0,1,0,0,0,0,0,0,3.0,,,2.0,,1.0,模擬
46,女,28.0,一般上班族,2.0,0,,,,,9.2,91.0,2.0,0,0,0,0,0,0,0,0,0,0,0,0,0,0,0,0,0,0,0,,,,,,,模擬
47,男,27.0,學生,1.0,0,,,,,7.2,74.0,4.0,0,0,0,0,0,0,0,0,0,0,0,0,0,0,0,0,0,0,0,,,,,,,模擬
48,男,29.0,一般上班族,1.0,1,1.0,4.0,1.0,3.0,7.1,41.0,5.0,0,1,0,0,0,0,0,1,0,0,0,1,0,0,0,1,0,0,0,,,3.0,2.0,1.0,,模擬
49,男,,一般上班族,2.0,1,2.0,3.0,3.0,3.0,7.3,49.0,4.0,1,1,1,0,0,1,1,1,0,0,0,0,0,1,0,1,0,0,0,1.0,,,3.0,2.0,,模擬
50,女,29.0,自由接案者,2.0,0,,,,,9.7,80.0,2.0,0,0,0,0,0,0,0,0,0,0,0,0,0,0,0,0,0,0,0,,,,,,,模擬
51,女,34.0,輪班制,2.0,1,2.5,2.0,2.0,3.0,5.7,13.0,5.0,0,1,0,0,0,1,0,1,0,1,0,0,1,0,0,0,0,0,0,2.0,,,3.0,1.0,,模擬
52,女,23.0,一般上班族,3.0,0,,,,,8.0,67.0,3.0,0,0,0,0,0,0,0,0,0,0,0,0,0,0,0,0,0,0,0,,,,,,,模擬
53,女,26.0,自由接案者,1.0,1,2.5,2.0,2.0,3.0,6.5,54.0,4.0,1,1,0,0,0,0,1,1,0,0,1,0,1,0,0,0,0,0,0,1.0,3.0,,2.0,,,模擬
54,男,35.0,學生,,1,2.0,1.0,,1.0,6.3,51.0,5.0,0,0,0,1,1,1,0,1,0,0,0,1,0,0,0,0,0,1,0,2.0,,,3.0,,1.0,模擬
55,女,27.0,一般上班族,2.0,1,0.5,3.0,1.0,2.0,5.9,49.0,3.0,1,0,1,0,0,0,0,1,0,0,0,0,1,0,0,0,0,0,0,2.0,,,1.0,,3.0,模擬
56,男,31.0,一般上班族,3.0,1,1.0,2.0,1.0,2.0,7.4,55.0,3.0,0,1,0,1,0,1,1,0,0,0,0,0,0,0,1,0,1,0,0,2.0,,,3.0,1.0,,模擬
57,女,32.0,一般上班族,2.0,0,,,,,8.0,77.0,4.0,0,0,0,0,0,0,0,0,0,0,0,0,0,0,0,0,0,0,0,,,,,,,模擬
58,男,21.0,學生,,1,2.5,3.0,2.0,2.0,6.0,64.0,4.0,1,1,0,0,0,0,1,0,0,0,0,0,0,0,0,1,1,0,0,1.0,2.0,,3.0,,,模擬
59,男,23.0,學生,,1,3.0,4.0,2.0,4.0,7.5,79.0,1.0,0,0,0,1,0,1,1,0,1,0,0,0,0,1,0,0,0,0,0,2.0,,,1.0,3.0,,模擬
60,男,25.0,一般上班族,,0,,,,,8.0,79.0,1.0,0,0,0,0,0,0,0,0,0,0,0,0,0,0,0,0,0,0,0,,,,,,,模擬
61,女,22.0,學生,1.0,1,1.0,2.0,1.0,2.0,7.1,72.0,1.0,0,1,0,0,0,0,1,0,1,1,0,0,1,0,0,0,0,0,0,1.0,,,2.0,3.0,,模擬
62,女,26.0,輪班制,5.0,1,1.0,1.0,1.0,2.0,7.3,81.0,3.0,0,1,0,0,0,0,1,0,0,0,1,0,0,1,0,0,0,0,0,1.0,,,3.0,2.0,,模擬
63,女,22.0,學生,1.0,1,2.0,4.0,2.0,4.0,5.5,37.0,3.0,1,0,0,0,0,1,1,0,0,0,1,0,0,1,0,0,1,0,0,,2.0,1.0,,3.0,,模擬
64,男,35.0,一般上班族,1.0,1,2.5,2.0,2.0,3.0,8.2,60.0,,1,0,0,0,0,0,0,1,0,0,0,0,1,0,0,0,0,0,0,,,,2.0,3.0,1.0,模擬
65,男,23.0,一般上班族,,0,,,,,6.6,54.0,4.0,0,0,0,0,0,0,0,0,0,0,0,0,0,0,0,0,0,0,0,,,,,,,模擬
66,女,33.0,輪班制,,0,,,,,6.6,60.0,4.0,0,0,0,0,0,0,0,0,0,0,0,0,0,0,0,0,0,0,0,,,,,,,模擬
67,男,29.0,學生,1.0,1,5.0,2.0,3.0,3.0,7.8,80.0,2.0,1,0,0,0,0,1,1,1,0,0,0,0,0,1,0,0,0,0,0,3.0,2.0,,1.0,,,模擬
68,男,35.0,輪班制,2.0,1,3.0,2.0,2.0,4.0,4.9,11.0,5.0,1,1,0,0,0,1,0,0,0,1,0,0,0,0,1,1,0,0,0,1.0,,3.0,2.0,,,模擬
69,男,28.0,一般上班族,1.0,1,0.5,2.0,1.0,3.0,9.0,70.0,3.0,1,1,0,0,0,1,1,0,0,1,0,0,1,0,0,0,0,0,0,1.0,3.0,,2.0,,,模擬
70,男,41.0,一般上班族,2.0,0,,,,,7.2,72.0,3.0,0,0,0,0,0,0,0,0,0,0,0,0,0,0,0,0,0,0,0,,,,,,,模擬
71,女,23.0,學生,1.0,0,,,,,7.8,55.0,5.0,0,0,0,0,0,0,0,0,0,0,0,0,0,0,0,0,0,0,0,,,,,,,模擬
72,男,34.0,自由接案者,2.0,1,2.0,2.0,2.0,2.0,7.7,79.0,2.0,1,1,1,0,1,0,1,1,0,1,0,0,0,1,0,0,0,0,0,,2.0,,1.0,3.0,,模擬
73,女,45.0,輪班制,2.0,1,1.5,3.0,1.0,3.0,5.9,47.0,5.0,0,1,0,0,0,0,1,0,0,0,0,0,1,0,0,0,0,0,0,3.0,,,2.0,,1.0,模擬
74,男,22.0,學生,1.0,0,,,,,5.6,52.0,4.0,0,0,0,0,0,0,0,0,0,0,0,0,0,0,0,0,0,0,0,,,,,,,模擬
75,女,27.0,學生,1.0,0,,,,,7.3,54.0,4.0,0,0,0,0,0,0,0,0,0,0,0,0,0,0,0,0,0,0,0,,,,,,,模擬
76,女,25.0,輪班制,1.0,0,,,,,5.8,46.0,4.0,0,0,0,0,0,0,0,0,0,0,0,0,0,0,0,0,0,0,0,,,,,,,模擬
77,女,24.0,學生,1.0,0,,,,,8.8,87.0,2.0,0,0,0,0,0,0,0,0,0,0,0,0,0,0,0,0,0,0,0,,,,,,,模擬
78,男,23.0,學生,1.0,0,,,,,7.1,63.0,3.0,0,0,0,0,0,0,0,0,0,0,0,0,0,0,0,0,0,0,0,,,,,,,模擬
79,男,39.0,學生,1.0,0,,,,,6.7,63.0,4.0,0,0,0,0,0,0,0,0,0,0,0,0,0,0,0,0,0,0,0,,,,,,,模擬
80,男,28.0,學生,1.0,0,,,,,7.0,67.0,3.0,0,0,0,0,0,0,0,0,0,0,0,0,0,0,0,0,0,0,0,,,,,,,模擬
81,男,,一般上班族,1.0,1,1.5,3.0,1.0,2.0,6.2,57.0,4.0,0,1,0,0,0,1,0,0,0,0,1,1,0,1,0,0,0,0,0,2.0,,,3.0,,1.0,模擬
82,男,38.0,學生,1.0,1,1.5,3.0,2.0,2.0,5.8,47.0,3.0,0,1,0,0,0,0,0,0,1,0,0,0,0,1,0,1,0,0,0,3.0,,,2.0,1.0,,模擬
83,女,28.0,輪班制,2.0,1,1.5,1.0,1.0,3.0,6.5,58.0,5.0,1,1,1,0,0,1,0,0,0,1,0,0,0,1,0,0,0,0,0,3.0,,,2.0,1.0,,模擬
84,男,33.0,輪班制,3.0,1,2.5,2.0,3.0,3.0,6.4,41.0,5.0,0,0,1,0,0,0,1,1,0,0,0,1,1,0,0,0,0,0,0,,3.0,,2.0,1.0,,模擬
85,女,28.0,學生,,0,,,,,7.2,89.0,1.0,0,0,0,0,0,0,0,0,0,0,0,0,0,0,0,0,0,0,0,,,,,,,模擬
86,男,30.0,輪班制,2.0,1,4.0,3.0,3.0,4.0,4.8,25.0,5.0,0,1,0,0,0,1,0,1,0,1,0,0,0,0,0,0,1,0,0,1.0,2.0,,3.0,,,模擬
87,男,24.0,一般上班族,5.0,0,,,,,8.0,57.0,5.0,0,0,0,0,0,0,0,0,0,0,0,0,0,0,0,0,0,0,0,,,,,,,模擬
88,男,22.0,輪班制,5.0,0,,,,,6.3,66.0,3.0,0,0,0,0,0,0,0,0,0,0,0,0,0,0,0,0,0,0,0,,,,,,,模擬
89,男,28.0,一般上班族,1.0,0,,,,,6.6,61.0,5.0,0,0,0,0,0,0,0,0,0,0,0,0,0,0,0,0,0,0,0,,,,,,,模擬
90,男,22.0,學生,1.0,1,1.0,1.0,1.0,1.0,7.5,61.0,4.0,1,0,1,0,0,1,0,1,0,0,0,0,0,0,0,1,0,0,0,1.0,2.0,,3.0,,,模擬
91,男,25.0,一般上班族,,1,1.5,3.0,1.0,3.0,6.3,40.0,3.0,0,1,0,0,0,1,0,0,0,1,0,0,1,0,0,0,0,0,0,1.0,,,3.0,,2.0,模擬
92,女,26.0,輪班制,2.0,1,2.0,4.0,2.0,4.0,5.8,51.0,4.0,0,0,0,1,0,1,0,0,0,0,0,0,1,0,0,0,0,0,0,1.0,2.0,,,,3.0,模擬
93,男,35.0,一般上班族,2.0,0,,,,,7.4,83.0,3.0,0,0,0,0,0,0,0,0,0,0,0,0,0,0,0,0,0,0,0,,,,,,,模擬
94,男,24.0,一般上班族,1.0,0,,,,,8.3,85.0,4.0,0,0,0,0,0,0,0,0,0,0,0,0,0,0,0,0,0,0,0,,,,,,,模擬
95,女,22.0,學生,2.0,1,2.0,4.0,2.0,1.0,8.0,73.0,4.0,0,1,0,0,0,1,1,0,0,0,0,0,1,0,0,0,0,0,0,1.0,,,2.0,3.0,,模擬
96,女,34.0,一般上班族,2.0,1,2.0,1.0,3.0,3.0,5.6,37.0,5.0,0,1,0,0,0,1,0,0,1,0,0,1,1,0,0,0,0,0,0,1.0,3.0,,,2.0,,模擬
97,男,33.0,學生,2.0,0,,,,,7.4,88.0,1.0,0,0,0,0,0,0,0,0,0,0,0,0,0,0,0,0,0,0,0,,,,,,,模擬
98,女,23.0,學生,1.0,1,1.5,2.0,1.0,2.0,7.4,68.0,3.0,1,0,1,0,0,0,1,1,0,0,0,1,1,0,0,0,0,0,0,3.0,,,1.0,,2.0,模擬
99,女,28.0,一般上班族,4.0,1,2.0,4.0,2.0,3.0,7.8,70.0,1.0,1,1,1,1,0,0,0,1,0,1,0,1,0,1,0,0,1,0,0,,1.0,3.0,2.0,,,模擬
100,女,28.0,學生,2.0,1,1.0,3.0,1.0,3.0,6.6,40.0,5.0,0,1,0,1,1,1,0,0,0,0,0,1,0,1,1,0,1,0,0,,1.0,,2.0,3.0,,模擬
101,男,31.0,一般上班族,3.0,0,,,,,6.1,43.0,4.0,0,0,0,0,0,0,0,0,0,0,0,0,0,0,0,0,0,0,0,,,,,,,模擬
102,男,36.0,輪班制,2.0,0,,,,,7.0,62.0,3.0,0,0,0,0,0,0,0,0,0,0,0,0,0,0,0,0,0,0,0,,,,,,,模擬
103,女,26.0,一般上班族,4.0,0,,,,,6.8,68.0,3.0,0,0,0,0,0,0,0,0,0,0,0,0,0,0,0,0,0,0,0,,,,,,,模擬
104,男,29.0,自由接案者,5.0,0,,,,,6.0,62.0,5.0,0,0,0,0,0,0,0,0,0,0,0,0,0,0,0,0,0,0,0,,,,,,,模擬
105,女,33.0,一般上班族,2.0,1,1.5,2.0,1.0,2.0,6.3,50.0,4.0,1,1,0,0,0,1,0,0,0,0,0,0,0,1,0,0,0,0,0,3.0,2.0,,1.0,,,模擬
106,男,31.0,自由接案者,1.0,1,2.5,3.0,2.0,3.0,6.4,47.0,4.0,1,1,0,1,0,1,0,0,0,0,0,1,0,1,0,0,0,0,0,3.0,,,1.0,,2.0,模擬
107,女,28.0,一般上班族,1.0,1,1.5,3.0,2.0,4.0,7.6,58.0,4.0,1,1,0,0,0,0,1,0,0,0,1,1,1,0,0,0,0,0,0,,3.0,,1.0,,2.0,模擬
108,男,21.0,一般上班族,3.0,1,0.5,3.0,1.0,2.0,6.5,56.0,5.0,0,1,0,0,0,1,1,0,0,1,0,0,0,1,0,0,0,0,0,1.0,,,3.0,2.0,,模擬
109,女,28.0,一般上班族,3.0,1,1.5,4.0,1.0,4.0,,73.0,2.0,1,1,0,0,0,1,1,0,0,0,0,0,1,0,0,0,0,0,0,1.0,,,,3.0,2.0,模擬
110,女,26.0,一般上班族,1.0,1,1.0,3.0,1.0,2.0,7.6,73.0,2.0,0,1,0,0,0,1,0,0,0,0,0,0,0,0,1,0,0,0,0,2.0,,,1.0,,3.0,模擬
111,女,28.0,學生,,1,0.5,2.0,1.0,3.0,7.8,44.0,5.0,1,1,1,0,1,1,0,1,0,1,0,0,0,1,0,0,0,0,0,2.0,,,,1.0,3.0,模擬
112,男,63.0,退休,2.0,1,1.0,2.0,1.0,1.0,6.6,58.0,5.0,0,1,0,1,0,1,0,1,0,0,0,1,0,1,0,0,0,0,0,,,,2.0,1.0,3.0,模擬
113,女,23.0,學生,1.0,0,,,,,6.4,52.0,2.0,0,0,0,0,0,0,0,0,0,0,0,0,0,0,0,0,0,0,0,,,,,,,模擬
114,男,29.0,輪班制,3.0,0,,,,,7.1,71.0,2.0,0,0,0,0,0,0,0,0,0,0,0,0,0,0,0,0,0,0,0,,,,,,,模擬
115,女,21.0,學生,1.0,1,1.0,2.0,1.0,2.0,6.7,80.0,1.0,0,1,0,0,0,1,1,0,0,0,1,0,0,1,1,0,0,0,0,2.0,,3.0,,,1.0,模擬
116,女,27.0,輪班制,3.0,0,,,,,6.8,67.0,4.0,0,0,0,0,0,0,0,0,0,0,0,0,0,0,0,0,0,0,0,,,,,,,模擬
117,男,25.0,輪班制,5.0,1,4.0,3.0,3.0,3.0,6.9,55.0,4.0,0,1,0,0,0,0,0,1,0,0,0,0,1,0,0,0,0,0,0,2.0,,,1.0,,3.0,模擬
118,男,33.0,一般上班族,4.0,1,1.5,2.0,2.0,2.0,7.7,68.0,5.0,0,1,0,0,0,0,1,0,0,0,1,0,0,0,1,0,0,0,0,3.0,2.0,,,,1.0,模擬
119,女,24.0,輪班制,2.0,1,2.0,3.0,2.0,3.0,6.2,43.0,4.0,0,0,1,0,0,1,1,0,0,0,0,1,0,0,1,0,0,0,0,3.0,,1.0,,2.0,,模擬
120,男,28.0,自由接案者,3.0,0,,,,,6.1,54.0,5.0,0,0,0,0,0,0,0,0,0,0,0,0,0,0,0,0,0,0,0,,,,,,,模擬
121,男,25.0,一般上班族,2.0,1,2.0,2.0,2.0,3.0,7.6,59.0,3.0,0,1,1,0,0,0,0,0,0,1,0,1,0,1,0,0,0,0,0,,,3.0,1.0,,2.0,模擬
122,男,25.0,一般上班族,2.0,1,1.0,4.0,1.0,3.0,7.7,66.0,2.0,0,1,0,0,0,1,1,0,0,0,0,1,0,0,1,0,0,0,0,2.0,3.0,,1.0,,,模擬
123,男,26.0,一般上班族,3.0,1,1.0,3.0,1.0,3.0,5.1,25.0,5.0,0,1,0,0,0,1,1,1,0,0,0,0,0,1,0,0,0,0,0,,1.0,,3.0,2.0,,模擬
124,女,22.0,學生,1.0,1,3.0,3.0,3.0,2.0,7.2,53.0,5.0,0,0,1,0,0,1,0,1,0,0,0,0,0,1,1,0,0,0,0,2.0,,3.0,1.0,,,模擬
125,女,34.0,一般上班族,2.0,0,,,,,6.8,61.0,3.0,0,0,0,0,0,0,0,0,0,0,0,0,0,0,0,0,0,0,0,,,,,,,模擬
126,女,24.0,一般上班族,2.0,1,2.0,2.0,3.0,2.0,7.0,74.0,2.0,1,1,0,0,0,0,1,1,0,0,0,1,0,1,0,0,0,0,0,2.0,,,,1.0,3.0,模擬
127,男,27.0,輪班制,2.0,1,4.0,4.0,3.0,3.0,5.6,24.0,5.0,1,1,0,0,0,1,0,0,0,0,0,1,0,1,1,0,0,0,0,1.0,3.0,,2.0,,,模擬
128,男,24.0,學生,1.0,1,0.5,1.0,1.0,2.0,7.6,86.0,2.0,0,0,0,1,0,1,1,1,0,0,0,0,0,1,1,0,0,0,0,2.0,1.0,,,,3.0,模擬
129,男,33.0,一般上班族,2.0,1,1.5,3.0,1.0,3.0,6.7,53.0,3.0,1,1,0,0,0,0,0,1,0,0,1,1,1,0,0,0,0,0,0,2.0,3.0,,1.0,,,模擬
130,女,23.0,一般上班族,2.0,1,2.0,4.0,2.0,2.0,6.9,67.0,3.0,1,1,0,1,0,1,0,0,0,0,0,0,0,0,0,0,0,0,1,2.0,,,1.0,,3.0,模擬
131,女,24.0,一般上班族,4.0,0,,,,,7.5,72.0,1.0,0,0,0,0,0,0,0,0,0,0,0,0,0,0,0,0,0,0,0,,,,,,,模擬
132,男,34.0,自由接案者,2.0,1,2.0,2.0,3.0,5.0,6.6,47.0,3.0,0,1,0,0,0,1,1,0,0,0,1,0,1,0,0,0,0,0,0,,3.0,,1.0,,2.0,模擬
133,女,35.0,自由接案者,4.0,1,0.5,3.0,1.0,2.0,6.8,,2.0,0,1,0,0,0,1,0,1,0,0,1,0,1,0,0,0,0,0,0,3.0,,,2.0,1.0,,模擬
134,男,28.0,自由接案者,4.0,1,3.5,4.0,3.0,3.0,7.2,57.0,4.0,0,1,0,0,1,1,0,1,0,0,0,0,0,1,0,1,0,1,0,,3.0,2.0,1.0,,,模擬
135,男,26.0,自由接案者,3.0,1,1.0,2.0,2.0,3.0,7.1,69.0,1.0,0,1,0,1,0,1,1,1,0,0,0,0,1,0,0,0,0,0,0,1.0,,,,2.0,3.0,模擬
136,男,48.0,輪班制,5.0,0,,,,,7.4,73.0,3.0,0,0,0,0,0,0,0,0,0,0,0,0,0,0,0,0,0,0,0,,,,,,,模擬
137,女,23.0,學生,2.0,1,2.0,2.0,2.0,3.0,7.2,52.0,5.0,0,1,1,0,0,1,1,0,0,0,0,0,0,1,1,0,0,0,0,2.0,,,1.0,3.0,,模擬
138,男,30.0,一般上班族,3.0,1,1.0,2.0,1.0,1.0,8.1,74.0,3.0,0,1,0,0,1,1,0,0,0,1,1,0,0,1,1,0,0,0,0,2.0,,,1.0,3.0,,模擬
139,女,24.0,一般上班族,4.0,0,,,,,7.4,74.0,3.0,0,0,0,0,0,0,0,0,0,0,0,0,0,0,0,0,0,0,0,,,,,,,模擬
140,男,27.0,一般上班族,,1,4.0,4.0,3.0,5.0,6.3,47.0,5.0,0,1,0,0,0,0,1,0,1,0,0,1,0,1,1,0,0,0,0,3.0,2.0,,1.0,,,模擬
141,女,31.0,輪班制,5.0,1,1.0,2.0,1.0,2.0,6.8,64.0,1.0,0,1,0,0,0,1,0,1,0,0,0,0,0,0,0,0,0,1,0,1.0,2.0,,,3.0,,模擬
142,男,25.0,一般上班族,3.0,0,,,,,7.6,74.0,3.0,0,0,0,0,0,0,0,0,0,0,0,0,0,0,0,0,0,0,0,,,,,,,模擬
143,男,24.0,一般上班族,2.0,1,1.5,1.0,2.0,2.0,6.1,63.0,4.0,0,1,0,0,0,0,1,1,0,0,0,1,0,1,0,0,0,0,0,1.0,,2.0,3.0,,,模擬
144,男,44.0,輪班制,3.0,1,0.5,3.0,1.0,2.0,6.9,69.0,4.0,0,1,0,0,0,1,1,1,0,0,0,0,1,0,0,0,0,0,0,1.0,3.0,,2.0,,,模擬
145,男,36.0,輪班制,1.0,0,,,,,6.9,69.0,3.0,0,0,0,0,0,0,0,0,0,0,0,0,0,0,0,0,0,0,0,,,,,,,模擬
146,女,32.0,輪班制,,1,2.5,3.0,2.0,4.0,6.3,44.0,5.0,1,0,1,0,0,0,0,1,1,0,0,1,0,1,0,0,0,0,0,,2.0,,1.0,3.0,,模擬
147,男,29.0,學生,2.0,1,1.5,3.0,1.0,3.0,7.3,55.0,4.0,0,1,0,0,0,0,1,1,0,1,0,0,0,1,0,0,0,0,0,,2.0,,3.0,1.0,,模擬
148,女,32.0,一般上班族,,1,2.5,4.0,2.0,5.0,6.2,36.0,4.0,0,1,0,0,0,1,0,1,1,0,0,0,1,0,0,0,0,0,0,,3.0,1.0,,2.0,,模擬
149,女,30.0,自由接案者,3.0,0,,,,,7.3,71.0,3.0,0,0,0,0,0,0,0,0,0,0,0,0,0,0,0,0,0,0,0,,,,,,,模擬
150,女,27.0,輪班制,2.0,0,,,,,8.5,92.0,1.0,0,0,0,0,0,0,0,0,0,0,0,0,0,0,0,0,0,0,0,,,,,,,模擬
151,女,39.0,自由接案者,2.0,0,,,,,7.8,67.0,5.0,0,0,0,0,0,0,0,0,0,0,0,0,0,0,0,0,0,0,0,,,,,,,模擬
152,女,23.0,學生,,0,,,,,9.7,100.0,1.0,0,0,0,0,0,0,0,0,0,0,0,0,0,0,0,0,0,0,0,,,,,,,模擬
153,女,30.0,一般上班族,1.0,0,,,,,7.9,65.0,5.0,0,0,0,0,0,0,0,0,0,0,0,0,0,0,0,0,0,0,0,,,,,,,模擬
154,男,35.0,學生,,1,1.5,4.0,1.0,3.0,6.8,82.0,1.0,0,1,0,0,0,1,0,0,0,1,0,0,0,0,1,0,1,0,0,1.0,,,,3.0,2.0,模擬
155,女,40.0,自由接案者,3.0,0,,,,,7.5,72.0,2.0,0,0,0,0,0,0,0,0,0,0,0,0,0,0,0,0,0,0,0,,,,,,,模擬
156,女,41.0,輪班制,1.0,1,2.5,2.0,3.0,4.0,5.7,44.0,3.0,1,0,0,0,0,1,1,0,0,0,0,0,0,1,0,0,0,0,0,,1.0,,2.0,3.0,,模擬
157,男,26.0,學生,1.0,0,,,,,8.5,97.0,1.0,0,0,0,0,0,0,0,0,0,0,0,0,0,0,0,0,0,0,0,,,,,,,模擬
158,女,41.0,學生,1.0,1,3.0,4.0,2.0,4.0,7.4,65.0,3.0,0,1,0,0,0,1,1,1,0,0,0,0,0,1,1,0,0,0,0,2.0,3.0,,,1.0,,模擬
159,男,37.0,一般上班族,4.0,1,2.5,2.0,2.0,3.0,5.4,32.0,5.0,0,1,1,0,0,1,1,0,0,0,0,1,1,0,0,0,0,0,0,1.0,,,3.0,,2.0,模擬
160,男,32.0,一般上班族,2.0,0,,,,,6.5,60.0,4.0,0,0,0,0,0,0,0,0,0,0,0,0,0,0,0,0,0,0,0,,,,,,,模擬
161,女,27.0,一般上班族,5.0,1,2.5,4.0,2.0,4.0,6.3,48.0,3.0,0,0,1,0,0,0,0,1,0,1,0,1,0,1,1,0,0,0,1,2.0,1.0,3.0,,,,模擬
162,女,37.0,一般上班族,5.0,0,,,,,7.2,60.0,4.0,0,0,0,0,0,0,0,0,0,0,0,0,0,0,0,0,0,0,0,,,,,,,模擬
163,男,25.0,學生,1.0,1,1.5,4.0,1.0,4.0,6.1,36.0,5.0,1,0,0,0,0,1,1,0,0,0,1,0,0,1,0,1,0,0,0,,1.0,,2.0,,3.0,模擬
164,女,24.0,學生,1.0,1,1.5,4.0,2.0,2.0,6.6,72.0,4.0,0,1,0,0,0,1,1,1,0,0,0,0,1,0,0,0,0,0,0,3.0,2.0,,1.0,,,模擬
165,男,25.0,自由接案者,3.0,1,2.5,2.0,2.0,2.0,6.9,52.0,2.0,1,0,0,0,0,1,0,1,0,0,0,0,0,1,0,0,0,0,0,2.0,,3.0,,,1.0,模擬
166,女,26.0,輪班制,2.0,1,1.0,2.0,,2.0,8.1,70.0,2.0,0,1,0,0,0,1,1,0,0,0,0,1,1,0,0,0,0,0,0,1.0,2.0,,3.0,,,模擬
167,男,23.0,學生,2.0,1,3.0,1.0,2.0,2.0,7.7,53.0,3.0,0,1,0,0,0,1,0,1,0,1,0,0,0,0,1,0,0,1,0,3.0,,,2.0,1.0,,模擬
168,男,25.0,自由接案者,1.0,0,,,,,7.9,89.0,2.0,0,0,0,0,0,0,0,0,0,0,0,0,0,0,0,0,0,0,0,,,,,,,模擬
169,女,33.0,一般上班族,3.0,1,1.5,2.0,1.0,2.0,6.4,47.0,5.0,0,1,0,0,0,1,0,1,0,1,0,0,0,1,0,0,0,0,0,3.0,,,2.0,,1.0,模擬
170,男,26.0,一般上班族,1.0,1,2.5,4.0,3.0,4.0,5.5,44.0,5.0,0,1,0,0,0,1,1,0,0,0,0,1,0,0,0,0,1,0,0,2.0,,,1.0,,3.0,模擬
171,女,34.0,學生,,1,0.5,3.0,1.0,2.0,7.7,63.0,2.0,0,1,0,0,0,1,0,0,0,0,0,0,0,1,0,0,0,0,0,,1.0,3.0,2.0,,,模擬
172,女,29.0,退休,2.0,0,,,,,8.3,80.0,1.0,0,0,0,0,0,0,0,0,0,0,0,0,0,0,0,0,0,0,0,,,,,,,模擬
173,男,27.0,一般上班族,2.0,0,,,,,8.4,79.0,2.0,0,0,0,0,0,0,0,0,0,0,0,0,0,0,0,0,0,0,0,,,,,,,模擬
174,男,23.0,學生,,0,,,,,6.0,58.0,3.0,0,0,0,0,0,0,0,0,0,0,0,0,0,0,0,0,0,0,0,,,,,,,模擬
175,女,23.0,學生,1.0,1,1.5,2.0,2.0,1.0,7.2,,3.0,1,1,1,0,0,0,1,0,0,1,0,1,0,1,0,0,0,0,0,2.0,,,3.0,,1.0,模擬
176,女,27.0,一般上班族,,1,2.5,3.0,3.0,4.0,8.1,69.0,2.0,0,1,0,0,0,0,0,1,0,0,0,0,0,1,1,0,0,0,0,,1.0,2.0,3.0,,,模擬
177,男,35.0,自由接案者,3.0,1,2.5,2.0,2.0,2.0,7.4,71.0,4.0,0,0,0,0,1,1,0,0,0,1,0,1,0,0,0,0,1,1,0,3.0,,,,1.0,2.0,模擬
178,男,42.0,學生,1.0,0,,,,,7.5,77.0,2.0,0,0,0,0,0,0,0,0,0,0,0,0,0,0,0,0,0,0,0,,,,,,,模擬
179,女,27.0,一般上班族,4.0,0,,,,,6.9,72.0,4.0,0,0,0,0,0,0,0,0,0,0,0,0,0,0,0,0,0,0,0,,,,,,,模擬
180,女,27.0,一般上班族,1.0,0,,,,,6.6,72.0,2.0,0,0,0,0,0,0,0,0,0,0,0,0,0,0,0,0,0,0,0,,,,,,,模擬
181,女,30.0,一般上班族,1.0,0,,,,,6.3,62.0,4.0,0,0,0,0,0,0,0,0,0,0,0,0,0,0,0,0,0,0,0,,,,,,,模擬
182,女,22.0,輪班制,2.0,0,,,,,8.4,66.0,2.0,0,0,0,0,0,0,0,0,0,0,0,0,0,0,0,0,0,0,0,,,,,,,模擬
183,男,26.0,一般上班族,2.0,1,1.0,1.0,1.0,1.0,7.5,77.0,2.0,0,1,1,0,0,1,1,1,0,0,0,0,0,1,0,0,0,0,0,3.0,,,2.0,1.0,,模擬
184,男,34.0,一般上班族,1.0,0,,,,,5.8,43.0,5.0,0,0,0,0,0,0,0,0,0,0,0,0,0,0,0,0,0,0,0,,,,,,,模擬
185,女,25.0,一般上班族,2.0,1,3.5,3.0,3.0,4.0,7.0,60.0,5.0,0,1,0,0,0,0,1,0,0,0,0,0,0,1,0,0,0,0,0,,3.0,,2.0,,1.0,模擬
186,女,30.0,一般上班族,3.0,0,,,,,7.3,54.0,4.0,0,0,0,0,0,0,0,0,0,0,0,0,0,0,0,0,0,0,0,,,,,,,模擬
187,男,45.0,自由接案者,3.0,0,,,,,6.8,68.0,3.0,0,0,0,0,0,0,0,0,0,0,0,0,0,0,0,0,0,0,0,,,,,,,模擬
188,男,23.0,學生,1.0,0,,,,,7.5,75.0,2.0,0,0,0,0,0,0,0,0,0,0,0,0,0,0,0,0,0,0,0,,,,,,,模擬
189,男,35.0,學生,2.0,1,1.5,3.0,1.0,3.0,7.6,87.0,1.0,0,1,0,0,0,0,0,1,1,0,0,1,1,0,0,0,0,0,0,2.0,3.0,,,1.0,,模擬
190,男,22.0,學生,,1,4.0,3.0,3.0,4.0,5.2,21.0,5.0,1,0,0,0,0,1,0,0,0,1,0,0,0,0,0,1,0,0,0,3.0,,,1.0,2.0,,模擬
191,男,27.0,一般上班族,3.0,0,,,,,7.6,86.0,1.0,0,0,0,0,0,0,0,0,0,0,0,0,0,0,0,0,0,0,0,,,,,,,模擬
192,女,27.0,學生,1.0,0,,,,,6.4,63.0,3.0,0,0,0,0,0,0,0,0,0,0,0,0,0,0,0,0,0,0,0,,,,,,,模擬
193,女,26.0,自由接案者,3.0,0,,,,,7.7,81.0,3.0,0,0,0,0,0,0,0,0,0,0,0,0,0,0,0,0,0,0,0,,,,,,,模擬
194,女,22.0,一般上班族,2.0,1,1.5,3.0,1.0,4.0,5.1,23.0,5.0,0,1,0,0,0,0,1,1,0,0,0,1,0,1,0,0,0,0,0,3.0,1.0,,2.0,,,模擬
195,男,32.0,一般上班族,5.0,1,3.5,3.0,3.0,4.0,6.1,49.0,4.0,0,1,0,1,1,1,0,1,0,1,0,0,0,0,0,1,0,0,0,3.0,,,1.0,2.0,,模擬
196,男,21.0,學生,1.0,1,1.5,2.0,1.0,3.0,7.9,67.0,3.0,0,0,1,0,0,1,0,1,0,0,0,0,0,0,0,0,1,0,0,3.0,,,1.0,2.0,,模擬
197,女,25.0,輪班制,3.0,0,,,,,6.6,39.0,5.0,0,0,0,0,0,0,0,0,0,0,0,0,0,0,0,0,0,0,0,,,,,,,模擬
198,女,30.0,自由接案者,3.0,1,2.0,1.0,2.0,2.0,7.4,76.0,2.0,0,1,0,0,0,1,0,0,0,1,0,0,0,1,1,0,0,0,0,1.0,2.0,,3.0,,,模擬
199,女,24.0,一般上班族,5.0,1,4.5,2.0,3.0,3.0,6.5,55.0,3.0,1,1,0,0,0,1,1,0,0,0,0,1,0,1,0,1,0,1,0,2.0,,,3.0,1.0,,模擬
200,男,27.0,輪班制,1.0,1,2.5,2.0,2.0,3.0,6.1,44.0,4.0,1,1,0,1,0,1,0,1,0,0,1,0,0,1,0,0,0,0,0,2.0,3.0,,1.0,,,模擬
201,男,24.0,一般上班族,2.0,0,,,,,10.3,100.0,1.0,0,0,0,0,0,0,0,0,0,0,0,0,0,0,0,0,0,0,0,,,,,,,模擬
202,男,34.0,學生,1.0,0,,,,,8.5,75.0,3.0,0,0,0,0,0,0,0,0,0,0,0,0,0,0,0,0,0,0,0,,,,,,,模擬
203,女,24.0,輪班制,3.0,1,2.0,4.0,2.0,4.0,6.8,47.0,3.0,0,1,0,0,0,1,0,0,0,0,0,0,0,1,0,0,0,0,0,,2.0,1.0,3.0,,,模擬
204,男,26.0,一般上班族,1.0,1,1.0,3.0,2.0,2.0,8.2,89.0,1.0,1,1,1,0,0,1,1,0,0,1,0,0,0,1,0,0,0,0,0,1.0,,2.0,,3.0,,模擬
205,女,30.0,一般上班族,2.0,0,,,,,7.3,72.0,3.0,0,0,0,0,0,0,0,0,0,0,0,0,0,0,0,0,0,0,0,,,,,,,模擬
206,女,33.0,自由接案者,4.0,1,0.5,1.0,1.0,3.0,8.2,78.0,3.0,0,1,0,0,0,1,0,0,0,1,0,0,0,1,0,0,0,0,0,3.0,1.0,,2.0,,,模擬
207,女,,學生,2.0,1,2.5,3.0,2.0,3.0,5.8,56.0,3.0,0,1,0,0,0,1,1,0,0,0,0,1,0,1,0,0,0,0,0,1.0,2.0,,,3.0,,模擬
208,男,24.0,一般上班族,,1,3.0,2.0,2.0,3.0,4.2,38.0,5.0,1,0,0,0,0,0,0,1,0,0,0,0,0,1,0,0,0,0,0,2.0,,,1.0,3.0,,模擬
209,女,28.0,學生,,0,,,,,7.1,72.0,4.0,0,0,0,0,0,0,0,0,0,0,0,0,0,0,0,0,0,0,0,,,,,,,模擬
210,女,37.0,一般上班族,1.0,1,1.5,3.0,2.0,4.0,4.9,44.0,5.0,1,1,0,0,0,1,1,0,0,0,0,0,0,1,0,1,0,0,0,1.0,,,2.0,3.0,,模擬
211,男,24.0,學生,1.0,0,,,,,8.3,93.0,2.0,0,0,0,0,0,0,0,0,0,0,0,0,0,0,0,0,0,0,0,,,,,,,模擬
212,女,21.0,學生,2.0,1,1.5,1.0,1.0,3.0,6.4,61.0,2.0,0,0,1,0,1,1,0,1,1,0,0,0,0,0,1,0,0,0,0,1.0,,,2.0,3.0,,模擬
213,男,,一般上班族,2.0,1,0.5,3.0,1.0,3.0,7.4,52.0,3.0,0,0,0,1,0,1,0,1,0,0,0,1,0,1,0,0,0,0,0,1.0,,3.0,,2.0,,模擬
214,男,34.0,輪班制,2.0,1,3.0,2.0,2.0,5.0,5.9,21.0,5.0,0,1,0,0,0,1,0,1,0,0,0,1,1,0,0,0,0,0,0,,,,2.0,3.0,1.0,模擬
215,女,32.0,自由接案者,4.0,0,,,,,7.1,76.0,3.0,0,0,0,0,0,0,0,0,0,0,0,0,0,0,0,0,0,0,0,,,,,,,模擬
216,男,29.0,一般上班族,4.0,0,,,,,7.1,70.0,4.0,0,0,0,0,0,0,0,0,0,0,0,0,0,0,0,0,0,0,0,,,,,,,模擬
217,女,23.0,學生,1.0,1,1.5,3.0,2.0,4.0,5.5,27.0,5.0,1,0,0,0,1,0,0,1,0,0,0,0,0,1,1,0,0,0,0,2.0,3.0,,1.0,,,模擬
218,女,30.0,學生,1.0,1,1.0,2.0,1.0,1.0,5.9,43.0,5.0,1,0,0,1,0,1,1,0,0,1,0,0,1,0,0,0,0,0,0,1.0,2.0,,3.0,,,模擬
219,女,28.0,自由接案者,3.0,0,,,,,6.7,53.0,4.0,0,0,0,0,0,0,0,0,0,0,0,0,0,0,0,0,0,0,0,,,,,,,模擬
220,男,30.0,輪班制,2.0,1,1.5,2.0,1.0,2.0,7.7,57.0,3.0,1,0,0,0,0,0,1,1,0,0,1,0,1,0,0,0,0,0,0,2.0,,,1.0,,3.0,模擬
221,女,39.0,學生,1.0,0,,,,,6.6,69.0,2.0,0,0,0,0,0,0,0,0,0,0,0,0,0,0,0,0,0,0,0,,,,,,,模擬
222,男,21.0,學生,1.0,1,1.0,3.0,2.0,2.0,5.0,45.0,4.0,1,0,0,0,0,0,0,1,1,0,0,1,0,1,1,0,0,0,0,2.0,,3.0,1.0,,,模擬
223,女,24.0,學生,1.0,1,1.5,2.0,1.0,3.0,6.4,31.0,5.0,1,1,0,0,0,0,0,1,1,0,1,0,1,0,0,0,0,0,0,,,,3.0,2.0,1.0,模擬
224,男,36.0,一般上班族,2.0,1,0.5,2.0,2.0,1.0,6.4,39.0,5.0,1,0,0,0,0,1,1,1,0,0,0,0,1,0,0,0,0,0,0,,3.0,,,1.0,2.0,模擬
225,女,23.0,學生,1.0,1,1.0,3.0,1.0,1.0,7.9,69.0,2.0,1,1,0,0,0,1,0,0,0,0,1,1,0,1,0,0,0,0,0,3.0,,,1.0,,2.0,模擬
226,女,20.0,學生,1.0,1,2.0,4.0,2.0,3.0,,35.0,4.0,1,0,0,0,0,1,1,0,0,0,0,0,1,0,0,0,0,0,0,2.0,,,1.0,,3.0,模擬
227,女,32.0,學生,,0,,,,,5.6,65.0,3.0,0,0,0,0,0,0,0,0,0,0,0,0,0,0,0,0,0,0,0,,,,,,,模擬
228,女,37.0,一般上班族,1.0,0,,,,,7.0,60.0,4.0,0,0,0,0,0,0,0,0,0,0,0,0,0,0,0,0,0,0,0,,,,,,,模擬
229,女,33.0,一般上班族,3.0,0,,,,,7.6,59.0,5.0,0,0,0,0,0,0,0,0,0,0,0,0,0,0,0,0,0,0,0,,,,,,,模擬
230,男,24.0,自由接案者,2.0,1,1.5,4.0,1.0,3.0,5.2,35.0,5.0,0,1,1,0,0,1,0,1,0,0,1,0,1,0,0,0,0,0,0,2.0,,,3.0,,1.0,模擬
231,女,32.0,一般上班族,3.0,0,,,,,6.3,36.0,4.0,0,0,0,0,0,0,0,0,0,0,0,0,0,0,0,0,0,0,0,,,,,,,模擬
232,男,29.0,一般上班族,2.0,1,1.5,2.0,2.0,2.0,6.5,38.0,5.0,0,1,0,0,0,1,0,0,0,0,0,0,1,0,0,0,0,0,0,2.0,,3.0,1.0,,,模擬
233,男,23.0,學生,1.0,1,4.0,4.0,3.0,5.0,5.7,42.0,4.0,1,1,0,0,0,0,0,0,1,1,0,0,0,1,1,1,1,0,0,1.0,3.0,,2.0,,,模擬
234,女,29.0,一般上班族,4.0,1,2.0,3.0,2.0,4.0,7.4,50.0,4.0,0,1,0,0,0,1,0,1,0,0,0,0,0,1,0,0,0,0,0,,1.0,,2.0,3.0,,模擬
235,女,24.0,一般上班族,1.0,0,,,,,8.0,85.0,3.0,0,0,0,0,0,0,0,0,0,0,0,0,0,0,0,0,0,0,0,,,,,,,模擬
236,女,34.0,一般上班族,2.0,1,0.5,3.0,1.0,5.0,6.8,50.0,3.0,0,1,0,0,0,1,0,0,0,0,0,1,0,1,0,0,0,0,0,1.0,,,2.0,3.0,,模擬
237,女,21.0,學生,1.0,1,1.5,4.0,2.0,4.0,6.7,54.0,3.0,0,1,1,0,0,1,0,0,0,1,0,0,0,1,0,0,0,0,0,1.0,,3.0,2.0,,,模擬
238,女,22.0,一般上班族,2.0,1,5.0,2.0,,4.0,7.3,54.0,5.0,1,0,1,0,0,1,0,0,1,0,0,0,0,1,0,0,0,0,0,3.0,,,1.0,2.0,,模擬
239,女,,學生,2.0,0,,,,,9.0,78.0,2.0,0,0,0,0,0,0,0,0,0,0,0,0,0,0,0,0,0,0,0,,,,,,,模擬
240,男,26.0,學生,1.0,0,,,,,6.6,71.0,3.0,0,0,0,0,0,0,0,0,0,0,0,0,0,0,0,0,0,0,0,,,,,,,模擬
241,男,36.0,一般上班族,1.0,0,,,,,,60.0,4.0,0,0,0,0,0,0,0,0,0,0,0,0,0,0,0,0,0,0,0,,,,,,,模擬
242,男,26.0,自由接案者,4.0,1,2.5,2.0,2.0,2.0,6.5,78.0,1.0,0,1,0,0,0,1,0,0,0,0,0,0,0,1,0,0,0,0,0,2.0,,,1.0,,3.0,模擬
243,男,28.0,一般上班族,3.0,0,,,,,8.1,100.0,1.0,0,0,0,0,0,0,0,0,0,0,0,0,0,0,0,0,0,0,0,,,,,,,模擬
244,女,26.0,自由接案者,1.0,1,1.5,2.0,1.0,3.0,7.6,68.0,3.0,0,1,0,0,0,1,1,1,0,0,0,0,1,0,0,0,0,0,0,1.0,3.0,,,2.0,,模擬
245,男,40.0,學生,1.0,1,1.0,3.0,1.0,2.0,6.3,50.0,5.0,1,1,0,0,0,0,1,1,1,0,0,0,0,0,0,1,0,1,0,2.0,,3.0,1.0,,,模擬
246,女,24.0,學生,1.0,0,,,,,6.8,79.0,4.0,0,0,0,0,0,0,0,0,0,0,0,0,0,0,0,0,0,0,0,,,,,,,模擬
247,女,29.0,一般上班族,5.0,1,3.0,3.0,3.0,2.0,7.0,69.0,3.0,1,1,0,1,0,1,1,1,0,0,0,0,0,0,1,0,0,0,0,2.0,,,1.0,,3.0,模擬
248,男,37.0,一般上班族,1.0,0,,,,,7.4,65.0,5.0,0,0,0,0,0,0,0,0,0,0,0,0,0,0,0,0,0,0,0,,,,,,,模擬
249,女,48.0,學生,1.0,0,,,,,7.2,83.0,3.0,0,0,0,0,0,0,0,0,0,0,0,0,0,0,0,0,0,0,0,,,,,,,模擬
250,男,,自由接案者,4.0,1,0.5,4.0,1.0,1.0,7.7,72.0,3.0,0,1,0,0,0,1,1,1,0,0,0,0,1,0,0,0,0,0,0,,2.0,,1.0,3.0,,模擬
251,男,27.0,一般上班族,,0,,,,,7.2,74.0,3.0,0,0,0,0,0,0,0,0,0,0,0,0,0,0,0,0,0,0,0,,,,,,,模擬
252,男,28.0,一般上班族,,1,1.0,3.0,1.0,3.0,5.9,43.0,4.0,0,1,0,0,0,0,1,0,0,1,0,1,1,0,0,0,0,0,0,,1.0,,2.0,,3.0,模擬
253,男,26.0,一般上班族,2.0,1,1.5,4.0,1.0,4.0,7.7,69.0,3.0,1,1,0,0,0,0,1,1,0,0,0,0,1,0,0,0,0,0,0,3.0,,,1.0,2.0,,模擬
254,女,33.0,一般上班族,1.0,0,,,,,6.5,64.0,3.0,0,0,0,0,0,0,0,0,0,0,0,0,0,0,0,0,0,0,0,,,,,,,模擬
255,女,27.0,輪班制,2.0,1,2.0,2.0,3.0,4.0,6.4,44.0,3.0,0,1,0,0,0,1,1,0,1,0,0,0,1,0,0,0,0,0,0,1.0,,,2.0,,3.0,模擬
256,男,24.0,學生,1.0,0,,,,,6.0,43.0,5.0,0,0,0,0,0,0,0,0,0,0,0,0,0,0,0,0,0,0,0,,,,,,,模擬
257,女,28.0,一般上班族,2.0,1,3.5,1.0,3.0,3.0,6.3,50.0,3.0,0,1,0,0,0,1,1,0,0,0,0,1,0,1,1,0,0,0,0,1.0,2.0,,,3.0,,模擬
258,女,26.0,學生,,1,1.5,3.0,1.0,2.0,7.7,67.0,4.0,1,1,0,0,0,1,1,0,0,0,0,0,0,0,1,0,0,0,0,1.0,,,3.0,2.0,,模擬
259,男,24.0,自由接案者,,0,,,,,6.5,75.0,4.0,0,0,0,0,0,0,0,0,0,0,0,0,0,0,0,0,0,0,0,,,,,,,模擬
260,男,35.0,一般上班族,2.0,1,1.0,2.0,1.0,3.0,7.6,52.0,4.0,1,1,0,0,0,1,1,1,0,0,0,0,1,0,0,0,0,0,0,1.0,3.0,,,2.0,,模擬
261,男,24.0,一般上班族,2.0,0,,,,,8.6,83.0,2.0,0,0,0,0,0,0,0,0,0,0,0,0,0,0,0,0,0,0,0,,,,,,,模擬
262,女,24.0,自由接案者,1.0,1,0.5,3.0,2.0,2.0,7.3,80.0,3.0,0,1,0,0,0,0,1,1,0,1,0,0,1,0,0,0,0,0,0,2.0,,,3.0,,1.0,模擬
263,女,23.0,學生,1.0,1,1.5,2.0,1.0,2.0,7.5,77.0,2.0,0,1,0,0,0,1,1,1,0,0,0,0,0,1,0,0,0,0,0,1.0,2.0,,3.0,,,模擬
264,女,46.0,一般上班族,4.0,1,1.0,4.0,1.0,4.0,5.1,42.0,2.0,0,1,0,0,1,1,0,1,1,0,0,0,0,1,0,0,1,0,0,1.0,2.0,,,3.0,,模擬
265,女,24.0,學生,1.0,0,,,,,9.2,93.0,4.0,0,0,0,0,0,0,0,0,0,0,0,0,0,0,0,0,0,0,0,,,,,,,模擬
266,女,34.0,一般上班族,4.0,0,,,,,7.3,57.0,4.0,0,0,0,0,0,0,0,0,0,0,0,0,0,0,0,0,0,0,0,,,,,,,模擬
267,女,,學生,1.0,1,1.5,1.0,1.0,3.0,7.3,66.0,4.0,0,1,0,0,0,1,0,0,0,1,1,0,0,0,0,1,0,0,0,3.0,,,1.0,2.0,,模擬
268,女,27.0,自由接案者,2.0,1,1.0,3.0,1.0,3.0,7.7,,1.0,1,1,0,0,0,1,1,0,0,0,0,1,1,0,0,0,0,0,0,2.0,3.0,,1.0,,,模擬
269,男,24.0,自由接案者,1.0,0,,,,,7.4,72.0,4.0,0,0,0,0,0,0,0,0,0,0,0,0,0,0,0,0,0,0,0,,,,,,,模擬
270,男,29.0,一般上班族,1.0,0,,,,,6.9,55.0,4.0,0,0,0,0,0,0,0,0,0,0,0,0,0,0,0,0,0,0,0,,,,,,,模擬
271,男,44.0,輪班制,1.0,1,2.5,4.0,2.0,3.0,5.1,41.0,5.0,0,1,0,0,1,0,1,0,0,1,0,1,1,0,0,0,0,0,0,2.0,1.0,,3.0,,,模擬
272,女,27.0,學生,1.0,0,,,,,7.0,69.0,4.0,0,0,0,0,0,0,0,0,0,0,0,0,0,0,0,0,0,0,0,,,,,,,模擬
273,女,31.0,自由接案者,2.0,1,1.5,4.0,1.0,1.0,5.3,57.0,5.0,1,0,0,0,0,1,1,0,0,0,0,1,0,0,1,0,0,0,0,2.0,,,1.0,3.0,,模擬
274,女,21.0,一般上班族,4.0,0,,,,,5.9,61.0,2.0,0,0,0,0,0,0,0,0,0,0,0,0,0,0,0,0,0,0,0,,,,,,,模擬
275,男,23.0,學生,1.0,1,1.0,2.0,1.0,1.0,7.6,65.0,3.0,0,1,0,0,0,0,1,1,0,0,0,1,0,1,0,0,0,0,0,3.0,2.0,,,1.0,,模擬
276,男,30.0,自由接案者,4.0,0,,,,,7.5,59.0,5.0,0,0,0,0,0,0,0,0,0,0,0,0,0,0,0,0,0,0,0,,,,,,,模擬
277,男,29.0,一般上班族,2.0,1,2.0,2.0,2.0,3.0,6.9,55.0,4.0,0,1,0,0,0,1,0,0,0,1,0,0,1,0,0,0,0,0,0,1.0,3.0,,2.0,,,模擬
278,男,28.0,一般上班族,1.0,1,1.0,3.0,1.0,3.0,6.1,51.0,4.0,0,0,1,0,0,1,1,1,0,0,0,0,1,0,0,0,0,0,0,,,3.0,1.0,,2.0,模擬
279,男,33.0,一般上班族,3.0,0,,,,,7.9,84.0,1.0,0,0,0,0,0,0,0,0,0,0,0,0,0,0,0,0,0,0,0,,,,,,,模擬
280,男,35.0,輪班制,3.0,1,2.5,3.0,2.0,4.0,5.2,29.0,4.0,0,1,1,0,0,0,0,1,0,1,0,1,1,0,0,0,0,0,0,1.0,,,2.0,,3.0,模擬
281,男,36.0,輪班制,1.0,1,1.5,3.0,1.0,1.0,5.7,41.0,5.0,0,0,1,0,0,1,0,0,0,0,0,0,0,1,0,0,0,0,0,3.0,1.0,,2.0,,,模擬
282,男,23.0,一般上班族,4.0,1,3.5,4.0,3.0,3.0,6.1,64.0,4.0,1,1,1,0,0,0,0,1,0,0,0,1,1,0,0,0,0,0,0,3.0,,,2.0,1.0,,模擬
283,男,29.0,一般上班族,2.0,0,,,,,5.6,41.0,5.0,0,0,0,0,0,0,0,0,0,0,0,0,0,0,0,0,0,0,0,,,,,,,模擬
284,男,41.0,一般上班族,2.0,1,1.5,3.0,1.0,2.0,6.3,53.0,4.0,0,1,0,0,0,1,1,0,0,1,0,0,0,1,0,0,0,0,0,,1.0,,3.0,,2.0,模擬
285,女,26.0,自由接案者,2.0,0,,,,,7.6,71.0,3.0,0,0,0,0,0,0,0,0,0,0,0,0,0,0,0,0,0,0,0,,,,,,,模擬
286,女,24.0,一般上班族,2.0,1,1.0,4.0,1.0,3.0,6.1,44.0,4.0,0,1,0,0,0,1,0,0,0,0,0,1,0,1,0,0,0,0,0,2.0,3.0,,,1.0,,模擬
287,女,32.0,學生,,1,1.0,3.0,2.0,2.0,6.3,65.0,2.0,1,1,0,0,0,1,0,1,0,0,0,0,0,1,0,0,0,0,0,3.0,,,1.0,2.0,,模擬
288,男,27.0,學生,1.0,0,,,,,7.4,82.0,2.0,0,0,0,0,0,0,0,0,0,0,0,0,0,0,0,0,0,0,0,,,,,,,模擬
289,男,26.0,自由接案者,1.0,1,1.5,3.0,1.0,3.0,5.9,49.0,3.0,1,1,0,0,0,0,0,1,0,1,0,0,0,0,1,0,0,0,0,1.0,3.0,,,,2.0,模擬
290,女,26.0,學生,1.0,1,1.5,4.0,1.0,3.0,5.4,52.0,5.0,1,1,0,0,0,1,0,1,0,0,0,0,0,0,0,1,0,0,0,1.0,,3.0,,2.0,,模擬
291,男,21.0,學生,1.0,1,0.5,3.0,1.0,3.0,6.6,69.0,1.0,0,1,0,0,0,0,1,1,1,0,0,0,0,1,0,0,0,0,0,1.0,2.0,,3.0,,,模擬
292,女,25.0,一般上班族,,0,,,,,8.3,82.0,3.0,0,0,0,0,0,0,0,0,0,0,0,0,0,0,0,0,0,0,0,,,,,,,模擬
293,女,28.0,一般上班族,1.0,0,,,,,5.7,69.0,2.0,0,0,0,0,0,0,0,0,0,0,0,0,0,0,0,0,0,0,0,,,,,,,模擬
294,男,31.0,學生,,0,,,,,6.4,79.0,1.0,0,0,0,0,0,0,0,0,0,0,0,0,0,0,0,0,0,0,0,,,,,,,模擬
295,女,27.0,一般上班族,5.0,1,1.0,2.0,2.0,2.0,6.0,65.0,3.0,0,1,1,0,1,1,0,1,0,0,0,0,1,0,0,0,0,0,0,3.0,,,2.0,1.0,,模擬
296,女,25.0,自由接案者,2.0,1,2.0,2.0,2.0,2.0,4.7,22.0,5.0,1,1,0,0,0,1,1,1,0,0,0,0,0,0,1,0,0,0,0,2.0,,,,3.0,1.0,模擬
297,女,37.0,一般上班族,5.0,0,,,,,7.0,83.0,3.0,0,0,0,0,0,0,0,0,0,0,0,0,0,0,0,0,0,0,0,,,,,,,模擬
298,男,22.0,學生,1.0,0,,,,,7.1,58.0,4.0,0,0,0,0,0,0,0,0,0,0,0,0,0,0,0,0,0,0,0,,,,,,,模擬
299,女,22.0,學生,1.0,1,3.5,3.0,3.0,5.0,5.1,28.0,5.0,0,1,0,0,0,1,0,0,0,0,0,1,0,0,1,0,1,0,0,1.0,3.0,,2.0,,,模擬
300,男,31.0,輪班制,1.0,1,3.0,4.0,2.0,5.0,4.8,22.0,4.0,1,0,0,0,0,0,1,1,0,0,0,0,0,0,0,0,1,0,0,1.0,,,3.0,,2.0,模擬
301,女,22.0,學生,1.0,1,1.0,4.0,1.0,3.0,,58.0,3.0,0,1,0,1,0,0,1,0,0,0,0,0,1,0,0,0,0,0,0,,2.0,,,1.0,3.0,模擬
302,女,31.0,輪班制,3.0,0,,,,,7.3,82.0,3.0,0,0,0,0,0,0,0,0,0,0,0,0,0,0,0,0,0,0,0,,,,,,,模擬
303,男,38.0,一般上班族,2.0,0,,,,,6.9,59.0,4.0,0,0,0,0,0,0,0,0,0,0,0,0,0,0,0,0,0,0,0,,,,,,,模擬
304,男,28.0,一般上班族,2.0,1,3.0,3.0,2.0,4.0,6.6,72.0,1.0,1,1,0,0,0,1,0,1,0,0,0,0,1,0,0,0,0,0,0,,1.0,2.0,,3.0,,模擬
305,男,20.0,學生,,1,1.0,2.0,1.0,1.0,7.4,62.0,2.0,1,0,0,0,0,1,0,1,1,0,0,0,1,0,0,0,0,0,0,2.0,,,1.0,,3.0,模擬
306,男,42.0,自由接案者,,0,,,,,6.2,58.0,4.0,0,0,0,0,0,0,0,0,0,0,0,0,0,0,0,0,0,0,0,,,,,,,模擬
307,男,22.0,學生,1.0,1,1.5,4.0,1.0,3.0,6.0,40.0,5.0,0,0,0,1,0,0,1,1,0,0,0,1,1,0,0,0,0,0,0,3.0,,2.0,1.0,,,模擬
308,男,28.0,一般上班族,2.0,1,1.5,3.0,1.0,3.0,7.8,67.0,3.0,0,1,0,0,0,1,0,1,0,0,0,0,0,1,0,0,0,0,0,2.0,3.0,,,1.0,,模擬
309,男,44.0,一般上班族,2.0,1,1.0,3.0,1.0,1.0,6.6,52.0,,1,0,0,0,0,1,0,0,1,0,0,1,1,0,0,0,0,0,0,1.0,3.0,,,,2.0,模擬
310,男,30.0,一般上班族,5.0,0,,,,,6.5,68.0,3.0,0,0,0,0,0,0,0,0,0,0,0,0,0,0,0,0,0,0,0,,,,,,,模擬
311,女,29.0,一般上班族,3.0,1,2.0,2.0,2.0,2.0,5.8,40.0,5.0,1,1,0,0,0,1,1,0,0,0,0,0,0,1,1,0,0,0,0,2.0,1.0,,3.0,,,模擬
312,男,24.0,一般上班族,3.0,0,,,,,7.8,,1.0,0,0,0,0,0,0,0,0,0,0,0,0,0,0,0,0,0,0,0,,,,,,,模擬
313,男,35.0,自由接案者,5.0,0,,,,,8.1,81.0,1.0,0,0,0,0,0,0,0,0,0,0,0,0,0,0,0,0,0,0,0,,,,,,,模擬
314,女,37.0,一般上班族,,0,,,,,7.8,86.0,2.0,0,0,0,0,0,0,0,0,0,0,0,0,0,0,0,0,0,0,0,,,,,,,模擬
315,男,31.0,一般上班族,,1,2.5,4.0,2.0,5.0,6.4,46.0,3.0,1,1,0,0,0,1,0,1,0,0,0,0,0,1,1,0,0,0,0,,3.0,,2.0,1.0,,模擬
316,男,38.0,一般上班族,4.0,1,2.5,3.0,2.0,3.0,6.8,73.0,3.0,0,0,1,0,0,1,1,0,1,0,0,0,0,1,0,0,0,0,0,,2.0,3.0,,,1.0,模擬
317,男,30.0,一般上班族,3.0,1,2.5,4.0,2.0,4.0,6.4,55.0,3.0,0,1,0,0,0,0,0,1,1,0,0,1,0,1,1,1,0,0,0,2.0,3.0,,1.0,,,模擬
318,男,35.0,一般上班族,2.0,1,2.0,3.0,2.0,3.0,6.3,68.0,3.0,0,1,0,0,1,1,0,1,1,0,0,0,0,1,0,0,0,0,0,2.0,,3.0,1.0,,,模擬
319,男,25.0,一般上班族,5.0,1,2.0,3.0,2.0,2.0,7.8,82.0,5.0,1,1,0,0,0,1,0,1,0,0,0,0,0,0,0,0,1,0,0,,3.0,,,2.0,1.0,模擬
320,男,29.0,輪班制,3.0,1,5.0,3.0,3.0,5.0,6.7,53.0,3.0,1,1,0,0,0,1,1,0,0,0,0,0,1,0,0,0,0,0,0,3.0,2.0,,,,1.0,模擬
